FORMATO;ANIO_DESDE;ANIO_HASTA;NOMBRE
1159;0;0;Información de Convenios de Cooperación con Organismos Internacionales
1019;0;0;Movimiento en cuenta corriente y/o ahorro
1020;0;0;Información de inversiones en CDT
2273;0;0;Depósitos de títulos valores y rendimientos o dividendos cancelados
1023;0;0;Consumos con tarjetas de crédito y débito
1024;0;0;Ventas con tarjetas de crédito
1026;0;0;Préstamos bancarios otorgados
1021;0;0;Información de Fondos de Inversión Colectiva
2277;0;0;Fondos de Pensiones Obligatorias
1022;0;0;Fondos de Pensiones Voluntarias
2274;0;0;Fondo de Cesantías
1041;0;0;Información de Bolsa de Valores
1042;0;0;Información de Comisionistas de Bolsas
1013;0;0;Información de los fideicomisos que se administran
1058;0;0;Ingresos recibidos con cargo al fideicomiso o patrimonio autónomo
1014;0;0;Pagos o abonos en cuenta y retenciones practicadas con recursos del fideicomiso
1010;0;0;Información de socios, accionistas, comuneros y/o cooperados
1001;0;0;Pagos o abonos en cuenta y retenciones practicadas
1003;0;0;Retenciones en la fuente que le practicaron
1007;0;0;Ingresos Recibidos
1005;0;0;Impuesto a las Ventas por Pagar (Descontable)
1006;0;0;Impuesto a las Ventas por Pagar (Generado) e Impuesto al Consumo
1009;0;0;Saldos de cuentas por pagar al 31 de diciembre
1008;0;0;Saldos de cuentas por cobrar al 31 de diciembre
1056;0;0;Pagos o abonos en cuenta por secretarios generales que administran recursos del tesoro
1647;0;0;Ingresos Recibidos para Terceros
1012;0;0;Información de las declaraciones tributarias, acciones y aportes e inversiones en bonos, certificados, títulos y demás inversiones tributarias
1016;0;0;Información de las Declaraciones Tributarias
1004;0;0;Descuentos Tributarios Solicitados
2275;0;0;Ingresos no Constitutivos de renta ni ganancia ocasional
5247;0;0;Pagos o abonos en cuenta y retenciones practicadas en contratos de colaboración empresarial y otros contratos
5248;0;0;Ingresos recibidos en contratos de colaboración empresarial y otros contratos
5249;0;0;IVA descontable en contratos de colaboración empresarial y otros contratos
5250;0;0;IVA generado en contratos de colaboración empresarial y otros contratos
5251;0;0;Saldos Cuentas por cobrar a 31 de diciembre en contratos de colaboración empresarial y otros contratos
5252;0;0;Saldos de cuentas por pagar al 31 de diciembre en contratos de colaboración empresarial y otros contratos
1034;0;0;Información de estados financieros consolidados
1035;0;0;Información de vinculados económicos
1036;0;0;Información de subordinadas, vinculadas del exterior o controladas del exterior sin residencia fiscal en Colombia - ECE
1038;0;0;Información de las sociedades creadas
1039;0;0;Sociedades liquidadas
1028;0;0;Personas Fallecidas
1032;0;0;Información de Enajenaciones de Bienes y Derechos a través de Notarías
1037;0;0;Elaboración de facturación por litógrafos y tipógrafos
2276;0;0;Información de rentas de trabajo y pensiones
1476;0;0;Información de registros catastrales y de Impuesto Predial
1480;0;0;Información Vehículos
1481;0;0;Impuesto de Industria y Comercio, Avisos y Tableros - ICA
2631;0;0;Información de resoluciones administrativas relacionadas con obligaciones tributarias del orden municipal o distrital
2683;0;0;Información de las entidades que otorgan, reconocen, registran, cancelan o suspenden personerías jurídicas
2743;0;0;Información de los bienes y áreas comunes destinados a la explotación comercial, industrial o mixta de la propiedad horizontal
2625;0;0;Información de Concesiones y Asociaciones Público-Privadas - APP
2280;0;0;Deducciones empleadas victimas violencia
2279;0;0;Código Único Institucional (CUIN) Entidades Públicas
2575;0;0;Donaciones recibidas y certificadas por entidades no contribuyentes
2574;0;0;Información de no causación del impuesto al carbono por certificación de carbono neutro
2820;0;0;Información de enajenación de acciones, cuotas o partes interés o aportes que no cotizan en bolsa
2823;0;0;Información de las resoluciones que dan derecho a ingresos no constitutivos de renta o ganancia ocasional. Art. 57-2 inc. 1 E.T.
2824;0;0;Información de las resoluciones que dan derecho a ingresos no constitutivos de renta o ganancia ocasional. Art. 57-2 inc. 2 E.T.
2825;0;0;Información de los Certificados de Inversión o Donación Cinematográfica. Art. 195 Ley 1607/2012
2826;0;0;Información de las certificaciones que dan derecho a descuento sobre el impuesto de renta. Art. 255 E.T.
2827;0;0;Información de las resoluciones que dan derecho a descuento tributario. Art. 256 inc. 1 E.T.
2828;0;0;Información de las resoluciones que dan derecho a crédito fiscal. Art. 256-1 inc. 1 E.T.
2829;0;0;Información de las resoluciones que dan derecho a crédito fiscal. Art. 256-1 inc. 2 E.T.
2833;0;0;Información presentada por el enajenante de acciones, cuotas o partes de interés o aportes que no cotizan en bolsa
2834;0;0;Información de las ESAL relacionada con la ejecución del beneficio neto o excedente en períodos mayores a un año
2835;0;0;Información de las ESAL relacionada con la destinación y ejecución del beneficio neto o excedente
2839;0;0;Información de pagos o abonos en cuenta de los proyectos de utilidad común certificados por APC-Colombia
2840;0;0;Información de las certificaciones de primer empleo y adulto mayor expedidas por el Ministerio del Trabajo
