ANIO;PERIODO;DIGITO;VENCIMIENTO
2020;1;0;2020-02-11
2020;1;1;2020-02-24
2020;1;2;2020-02-21
2020;1;3;2020-02-20
2020;1;4;2020-02-19
2020;1;5;2020-02-18
2020;1;6;2020-02-17
2020;1;7;2020-02-14
2020;1;8;2020-02-13
2020;1;9;2020-02-12
2020;2;0;2020-03-10
2020;2;1;2020-03-24
2020;2;2;2020-03-20
2020;2;3;2020-03-19
2020;2;4;2020-03-18
2020;2;5;2020-03-17
2020;2;6;2020-03-16
2020;2;7;2020-03-13
2020;2;8;2020-03-12
2020;2;9;2020-03-11
2020;3;0;2020-04-14
2020;3;1;2020-04-27
2020;3;2;2020-04-24
2020;3;3;2020-04-23
2020;3;4;2020-04-22
2020;3;5;2020-04-21
2020;3;6;2020-04-20
2020;3;7;2020-04-17
2020;3;8;2020-04-16
2020;3;9;2020-04-15
2020;4;0;2020-05-12
2020;4;1;2020-05-26
2020;4;2;2020-05-22
2020;4;3;2020-05-21
2020;4;4;2020-05-20
2020;4;5;2020-05-19
2020;4;6;2020-05-18
2020;4;7;2020-05-15
2020;4;8;2020-05-14
2020;4;9;2020-05-13
2020;5;0;2020-06-09
2020;5;1;2020-06-24
2020;5;2;2020-06-23
2020;5;3;2020-06-19
2020;5;4;2020-06-18
2020;5;5;2020-06-17
2020;5;6;2020-06-16
2020;5;7;2020-06-12
2020;5;8;2020-06-11
2020;5;9;2020-06-10
2020;6;0;2020-07-07
2020;6;1;2020-07-21
2020;6;2;2020-07-17
2020;6;3;2020-07-16
2020;6;4;2020-07-15
2020;6;5;2020-07-14
2020;6;6;2020-07-13
2020;6;7;2020-07-10
2020;6;8;2020-07-09
2020;6;9;2020-07-08
2020;7;0;2020-08-11
2020;7;1;2020-08-25
2020;7;2;2020-08-24
2020;7;3;2020-08-21
2020;7;4;2020-08-20
2020;7;5;2020-08-19
2020;7;6;2020-08-18
2020;7;7;2020-08-14
2020;7;8;2020-08-13
2020;7;9;2020-08-12
2020;8;0;2020-09-08
2020;8;1;2020-09-21
2020;8;2;2020-09-18
2020;8;3;2020-09-17
2020;8;4;2020-09-16
2020;8;5;2020-09-15
2020;8;6;2020-09-14
2020;8;7;2020-09-11
2020;8;8;2020-09-10
2020;8;9;2020-09-09
2020;9;0;2020-10-06
2020;9;1;2020-10-20
2020;9;2;2020-10-19
2020;9;3;2020-10-16
2020;9;4;2020-10-15
2020;9;5;2020-10-14
2020;9;6;2020-10-13
2020;9;7;2020-10-09
2020;9;8;2020-10-08
2020;9;9;2020-10-07
2020;10;0;2020-11-10
2020;10;1;2020-11-24
2020;10;2;2020-11-23
2020;10;3;2020-11-20
2020;10;4;2020-11-19
2020;10;5;2020-11-18
2020;10;6;2020-11-17
2020;10;7;2020-11-13
2020;10;8;2020-11-12
2020;10;9;2020-11-11
2020;11;0;2020-12-10
2020;11;1;2020-12-23
2020;11;2;2020-12-22
2020;11;3;2020-12-21
2020;11;4;2020-12-18
2020;11;5;2020-12-17
2020;11;6;2020-12-16
2020;11;7;2020-12-15
2020;11;8;2020-12-14
2020;11;9;2020-12-11
2020;12;0;2021-01-13
2020;12;1;2021-01-26
2020;12;2;2021-01-25
2020;12;3;2021-01-22
2020;12;4;2021-01-21
2020;12;5;2021-01-20
2020;12;6;2021-01-19
2020;12;7;2021-01-18
2020;12;8;2021-01-15
2020;12;9;2021-01-14
2021;1;0;2021-02-22
2021;1;1;2021-02-09
2021;1;2;2021-02-10
2021;1;3;2021-02-11
2021;1;4;2021-02-12
2021;1;5;2021-02-15
2021;1;6;2021-02-16
2021;1;7;2021-02-17
2021;1;8;2021-02-18
2021;1;9;2021-02-19
2021;2;0;2021-03-23
2021;2;1;2021-03-09
2021;2;2;2021-03-10
2021;2;3;2021-03-11
2021;2;4;2021-03-12
2021;2;5;2021-03-15
2021;2;6;2021-03-16
2021;2;7;2021-03-17
2021;2;8;2021-03-18
2021;2;9;2021-03-19
2021;3;0;2021-04-23
2021;3;1;2021-04-12
2021;3;2;2021-04-13
2021;3;3;2021-04-14
2021;3;4;2021-04-15
2021;3;5;2021-04-16
2021;3;6;2021-04-19
2021;3;7;2021-04-20
2021;3;8;2021-04-21
2021;3;9;2021-04-22
2021;4;0;2021-05-24
2021;4;1;2021-05-10
2021;4;2;2021-05-11
2021;4;3;2021-05-12
2021;4;4;2021-05-13
2021;4;5;2021-05-14
2021;4;6;2021-05-18
2021;4;7;2021-05-19
2021;4;8;2021-05-20
2021;4;9;2021-05-21
2021;5;0;2021-06-23
2021;5;1;2021-06-09
2021;5;2;2021-06-10
2021;5;3;2021-06-11
2021;5;4;2021-06-15
2021;5;5;2021-06-16
2021;5;6;2021-06-17
2021;5;7;2021-06-18
2021;5;8;2021-06-21
2021;5;9;2021-06-22
2021;6;0;2021-07-22
2021;6;1;2021-07-08
2021;6;2;2021-07-09
2021;6;3;2021-07-12
2021;6;4;2021-07-13
2021;6;5;2021-07-14
2021;6;6;2021-07-15
2021;6;7;2021-07-16
2021;6;8;2021-07-19
2021;6;9;2021-07-21
2021;7;0;2021-08-24
2021;7;1;2021-08-10
2021;7;2;2021-08-11
2021;7;3;2021-08-12
2021;7;4;2021-08-13
2021;7;5;2021-08-17
2021;7;6;2021-08-18
2021;7;7;2021-08-19
2021;7;8;2021-08-20
2021;7;9;2021-08-23
2021;8;0;2021-09-21
2021;8;1;2021-09-08
2021;8;2;2021-09-09
2021;8;3;2021-09-10
2021;8;4;2021-09-13
2021;8;5;2021-09-14
2021;8;6;2021-09-15
2021;8;7;2021-09-16
2021;8;8;2021-09-17
2021;8;9;2021-09-20
2021;9;0;2021-10-21
2021;9;1;2021-10-07
2021;9;2;2021-10-08
2021;9;3;2021-10-11
2021;9;4;2021-10-12
2021;9;5;2021-10-13
2021;9;6;2021-10-14
2021;9;7;2021-10-15
2021;9;8;2021-10-19
2021;9;9;2021-10-20
2021;10;0;2021-11-23
2021;10;1;2021-11-09
2021;10;2;2021-11-10
2021;10;3;2021-11-11
2021;10;4;2021-11-12
2021;10;5;2021-11-16
2021;10;6;2021-11-17
2021;10;7;2021-11-18
2021;10;8;2021-11-19
2021;10;9;2021-11-22
2021;11;0;2021-12-23
2021;11;1;2021-12-10
2021;11;2;2021-12-13
2021;11;3;2021-12-14
2021;11;4;2021-12-15
2021;11;5;2021-12-16
2021;11;6;2021-12-17
2021;11;7;2021-12-20
2021;11;8;2021-12-21
2021;11;9;2021-12-22
2021;12;0;2022-01-25
2021;12;1;2022-01-12
2021;12;2;2022-01-13
2021;12;3;2022-01-14
2021;12;4;2022-01-17
2021;12;5;2022-01-18
2021;12;6;2022-01-19
2021;12;7;2022-01-20
2021;12;8;2022-01-21
2021;12;9;2022-01-24
2022;1;0;2022-02-21
2022;1;1;2022-02-08
2022;1;2;2022-02-09
2022;1;3;2022-02-10
2022;1;4;2022-02-11
2022;1;5;2022-02-14
2022;1;6;2022-02-15
2022;1;7;2022-02-16
2022;1;8;2022-02-17
2022;1;9;2022-02-18
2022;2;0;2022-03-22
2022;2;1;2022-03-08
2022;2;2;2022-03-09
2022;2;3;2022-03-10
2022;2;4;2022-03-11
2022;2;5;2022-03-14
2022;2;6;2022-03-15
2022;2;7;2022-03-16
2022;2;8;2022-03-17
2022;2;9;2022-03-18
2022;3;0;2022-04-22
2022;3;1;2022-04-07
2022;3;2;2022-04-08
2022;3;3;2022-04-11
2022;3;4;2022-04-12
2022;3;5;2022-04-13
2022;3;6;2022-04-18
2022;3;7;2022-04-19
2022;3;8;2022-04-20
2022;3;9;2022-04-21
2022;4;0;2022-05-23
2022;4;1;2022-05-10
2022;4;2;2022-05-11
2022;4;3;2022-05-12
2022;4;4;2022-05-13
2022;4;5;2022-05-16
2022;4;6;2022-05-17
2022;4;7;2022-05-18
2022;4;8;2022-05-19
2022;4;9;2022-05-20
2022;5;0;2022-06-21
2022;5;1;2022-06-07
2022;5;2;2022-06-08
2022;5;3;2022-06-09
2022;5;4;2022-06-10
2022;5;5;2022-06-13
2022;5;6;2022-06-14
2022;5;7;2022-06-15
2022;5;8;2022-06-16
2022;5;9;2022-06-17
2022;6;0;2022-07-22
2022;6;1;2022-07-08
2022;6;2;2022-07-11
2022;6;3;2022-07-12
2022;6;4;2022-07-13
2022;6;5;2022-07-14
2022;6;6;2022-07-15
2022;6;7;2022-07-18
2022;6;8;2022-07-19
2022;6;9;2022-07-21
2022;7;0;2022-08-23
2022;7;1;2022-08-09
2022;7;2;2022-08-10
2022;7;3;2022-08-11
2022;7;4;2022-08-12
2022;7;5;2022-08-16
2022;7;6;2022-08-17
2022;7;7;2022-08-18
2022;7;8;2022-08-19
2022;7;9;2022-08-22
2022;8;0;2022-09-20
2022;8;1;2022-09-07
2022;8;2;2022-09-08
2022;8;3;2022-09-09
2022;8;4;2022-09-12
2022;8;5;2022-09-13
2022;8;6;2022-09-14
2022;8;7;2022-09-15
2022;8;8;2022-09-16
2022;8;9;2022-09-19
2022;9;0;2022-10-21
2022;9;1;2022-10-07
2022;9;2;2022-10-10
2022;9;3;2022-10-11
2022;9;4;2022-10-12
2022;9;5;2022-10-13
2022;9;6;2022-10-14
2022;9;7;2022-10-18
2022;9;8;2022-10-19
2022;9;9;2022-10-20
2022;10;0;2022-11-23
2022;10;1;2022-11-09
2022;10;2;2022-11-10
2022;10;3;2022-11-11
2022;10;4;2022-11-15
2022;10;5;2022-11-16
2022;10;6;2022-11-17
2022;10;7;2022-11-18
2022;10;8;2022-11-21
2022;10;9;2022-11-22
2022;11;0;2022-12-23
2022;11;1;2022-12-12
2022;11;2;2022-12-13
2022;11;3;2022-12-14
2022;11;4;2022-12-15
2022;11;5;2022-12-16
2022;11;6;2022-12-19
2022;11;7;2022-12-20
2022;11;8;2022-12-21
2022;11;9;2022-12-22
2022;12;0;2023-01-24
2022;12;1;2023-01-11
2022;12;2;2023-01-12
2022;12;3;2023-01-13
2022;12;4;2023-01-16
2022;12;5;2023-01-17
2022;12;6;2023-01-18
2022;12;7;2023-01-19
2022;12;8;2023-01-20
2022;12;9;2023-01-23
2023;1;0;2023-02-20
2023;1;1;2023-02-07
2023;1;2;2023-02-08
2023;1;3;2023-02-09
2023;1;4;2023-02-10
2023;1;5;2023-02-13
2023;1;6;2023-02-14
2023;1;7;2023-02-15
2023;1;8;2023-02-16
2023;1;9;2023-02-17
2023;2;0;2023-03-21
2023;2;1;2023-03-07
2023;2;2;2023-03-08
2023;2;3;2023-03-09
2023;2;4;2023-03-10
2023;2;5;2023-03-13
2023;2;6;2023-03-14
2023;2;7;2023-03-15
2023;2;8;2023-03-16
2023;2;9;2023-03-17
2023;3;0;2023-04-21
2023;3;1;2023-04-10
2023;3;2;2023-04-11
2023;3;3;2023-04-12
2023;3;4;2023-04-13
2023;3;5;2023-04-14
2023;3;6;2023-04-17
2023;3;7;2023-04-18
2023;3;8;2023-04-19
2023;3;9;2023-04-20
2023;4;0;2023-05-23
2023;4;1;2023-05-09
2023;4;2;2023-05-10
2023;4;3;2023-05-11
2023;4;4;2023-05-12
2023;4;5;2023-05-15
2023;4;6;2023-05-16
2023;4;7;2023-05-17
2023;4;8;2023-05-18
2023;4;9;2023-05-19
2023;5;0;2023-06-22
2023;5;1;2023-06-07
2023;5;2;2023-06-08
2023;5;3;2023-06-09
2023;5;4;2023-06-13
2023;5;5;2023-06-14
2023;5;6;2023-06-15
2023;5;7;2023-06-16
2023;5;8;2023-06-20
2023;5;9;2023-06-21
2023;6;0;2023-07-21
2023;6;1;2023-07-07
2023;6;2;2023-07-10
2023;6;3;2023-07-11
2023;6;4;2023-07-12
2023;6;5;2023-07-13
2023;6;6;2023-07-14
2023;6;7;2023-07-17
2023;6;8;2023-07-18
2023;6;9;2023-07-19
2023;7;0;2023-08-23
2023;7;1;2023-08-09
2023;7;2;2023-08-10
2023;7;3;2023-08-11
2023;7;4;2023-08-14
2023;7;5;2023-08-15
2023;7;6;2023-08-16
2023;7;7;2023-08-17
2023;7;8;2023-08-18
2023;7;9;2023-08-22
2023;8;0;2023-09-20
2023;8;1;2023-09-07
2023;8;2;2023-09-08
2023;8;3;2023-09-11
2023;8;4;2023-09-12
2023;8;5;2023-09-13
2023;8;6;2023-09-14
2023;8;7;2023-09-15
2023;8;8;2023-09-18
2023;8;9;2023-09-19
2023;9;0;2023-10-24
2023;9;1;2023-10-10
2023;9;2;2023-10-11
2023;9;3;2023-10-12
2023;9;4;2023-10-13
2023;9;5;2023-10-17
2023;9;6;2023-10-18
2023;9;7;2023-10-19
2023;9;8;2023-10-20
2023;9;9;2023-10-23
2023;10;0;2023-11-22
2023;10;1;2023-11-08
2023;10;2;2023-11-09
2023;10;3;2023-11-10
2023;10;4;2023-11-14
2023;10;5;2023-11-15
2023;10;6;2023-11-16
2023;10;7;2023-11-17
2023;10;8;2023-11-20
2023;10;9;2023-11-21
2023;11;0;2023-12-22
2023;11;1;2023-12-11
2023;11;2;2023-12-12
2023;11;3;2023-12-13
2023;11;4;2023-12-14
2023;11;5;2023-12-15
2023;11;6;2023-12-18
2023;11;7;2023-12-19
2023;11;8;2023-12-20
2023;11;9;2023-12-21
2023;12;0;2024-01-23
2023;12;1;2024-01-10
2023;12;2;2024-01-11
2023;12;3;2024-01-12
2023;12;4;2024-01-15
2023;12;5;2024-01-16
2023;12;6;2024-01-17
2023;12;7;2024-01-18
2023;12;8;2024-01-19
2023;12;9;2024-01-22
2024;1;0;2024-02-22
2024;1;1;2024-02-09
2024;1;2;2024-02-12
2024;1;3;2024-02-13
2024;1;4;2024-02-14
2024;1;5;2024-02-15
2024;1;6;2024-02-16
2024;1;7;2024-02-19
2024;1;8;2024-02-20
2024;1;9;2024-02-21
2024;2;0;2024-03-22
2024;2;1;2024-03-11
2024;2;2;2024-03-12
2024;2;3;2024-03-13
2024;2;4;2024-03-14
2024;2;5;2024-03-15
2024;2;6;2024-03-18
2024;2;7;2024-03-19
2024;2;8;2024-03-20
2024;2;9;2024-03-21
2024;3;0;2024-04-22
2024;3;1;2024-04-09
2024;3;2;2024-04-10
2024;3;3;2024-04-11
2024;3;4;2024-04-12
2024;3;5;2024-04-15
2024;3;6;2024-04-16
2024;3;7;2024-04-17
2024;3;8;2024-04-18
2024;3;9;2024-04-19
2024;4;0;2024-05-24
2024;4;1;2024-05-10
2024;4;2;2024-05-14
2024;4;3;2024-05-15
2024;4;4;2024-05-16
2024;4;5;2024-05-17
2024;4;6;2024-05-20
2024;4;7;2024-05-21
2024;4;8;2024-05-22
2024;4;9;2024-05-23
2024;5;0;2024-06-26
2024;5;1;2024-06-13
2024;5;2;2024-06-14
2024;5;3;2024-06-17
2024;5;4;2024-06-18
2024;5;5;2024-06-19
2024;5;6;2024-06-20
2024;5;7;2024-06-21
2024;5;8;2024-06-24
2024;5;9;2024-06-25
2024;6;0;2024-07-23
2024;6;1;2024-07-10
2024;6;2;2024-07-11
2024;6;3;2024-07-12
2024;6;4;2024-07-15
2024;6;5;2024-07-16
2024;6;6;2024-07-17
2024;6;7;2024-07-18
2024;6;8;2024-07-19
2024;6;9;2024-07-22
2024;7;0;2024-08-26
2024;7;1;2024-08-12
2024;7;2;2024-08-13
2024;7;3;2024-08-14
2024;7;4;2024-08-15
2024;7;5;2024-08-16
2024;7;6;2024-08-20
2024;7;7;2024-08-21
2024;7;8;2024-08-22
2024;7;9;2024-08-23
2024;8;0;2024-09-23
2024;8;1;2024-09-10
2024;8;2;2024-09-11
2024;8;3;2024-09-12
2024;8;4;2024-09-13
2024;8;5;2024-09-16
2024;8;6;2024-09-17
2024;8;7;2024-09-18
2024;8;8;2024-09-19
2024;8;9;2024-09-20
2024;9;0;2024-10-23
2024;9;1;2024-10-09
2024;9;2;2024-10-10
2024;9;3;2024-10-11
2024;9;4;2024-10-15
2024;9;5;2024-10-16
2024;9;6;2024-10-17
2024;9;7;2024-10-18
2024;9;8;2024-10-21
2024;9;9;2024-10-22
2024;10;0;2024-11-26
2024;10;1;2024-11-13
2024;10;2;2024-11-14
2024;10;3;2024-11-15
2024;10;4;2024-11-18
2024;10;5;2024-11-19
2024;10;6;2024-11-20
2024;10;7;2024-11-21
2024;10;8;2024-11-22
2024;10;9;2024-11-25
2024;11;0;2024-12-23
2024;11;1;2024-12-10
2024;11;2;2024-12-11
2024;11;3;2024-12-12
2024;11;4;2024-12-13
2024;11;5;2024-12-16
2024;11;6;2024-12-17
2024;11;7;2024-12-18
2024;11;8;2024-12-19
2024;11;9;2024-12-20
2024;12;0;2025-01-24
2024;12;1;2025-01-13
2024;12;2;2025-01-14
2024;12;3;2025-01-15
2024;12;4;2025-01-16
2024;12;5;2025-01-17
2024;12;6;2025-01-20
2024;12;7;2025-01-21
2024;12;8;2025-01-22
2024;12;9;2025-01-23
2025;1;0;2025-02-24
2025;1;1;2025-02-11
2025;1;2;2025-02-12
2025;1;3;2025-02-13
2025;1;4;2025-02-14
2025;1;5;2025-02-17
2025;1;6;2025-02-18
2025;1;7;2025-02-19
2025;1;8;2025-02-20
2025;1;9;2025-02-21
2025;2;0;2025-03-25
2025;2;1;2025-03-11
2025;2;2;2025-03-12
2025;2;3;2025-03-13
2025;2;4;2025-03-14
2025;2;5;2025-03-17
2025;2;6;2025-03-18
2025;2;7;2025-03-19
2025;2;8;2025-03-20
2025;2;9;2025-03-21
2025;3;0;2025-04-24
2025;3;1;2025-04-09
2025;3;2;2025-04-10
2025;3;3;2025-04-11
2025;3;4;2025-04-14
2025;3;5;2025-04-15
2025;3;6;2025-04-16
2025;3;7;2025-04-21
2025;3;8;2025-04-22
2025;3;9;2025-04-23
2025;4;0;2025-05-23
2025;4;1;2025-05-12
2025;4;2;2025-05-13
2025;4;3;2025-05-14
2025;4;4;2025-05-15
2025;4;5;2025-05-16
2025;4;6;2025-05-19
2025;4;7;2025-05-20
2025;4;8;2025-05-21
2025;4;9;2025-05-22
2025;5;0;2025-06-25
2025;5;1;2025-06-11
2025;5;2;2025-06-12
2025;5;3;2025-06-13
2025;5;4;2025-06-16
2025;5;5;2025-06-17
2025;5;6;2025-06-18
2025;5;7;2025-06-19
2025;5;8;2025-06-20
2025;5;9;2025-06-24
2025;6;0;2025-07-22
2025;6;1;2025-07-09
2025;6;2;2025-07-10
2025;6;3;2025-07-11
2025;6;4;2025-07-14
2025;6;5;2025-07-15
2025;6;6;2025-07-16
2025;6;7;2025-07-17
2025;6;8;2025-07-18
2025;6;9;2025-07-21
2025;7;0;2025-08-26
2025;7;1;2025-08-12
2025;7;2;2025-08-13
2025;7;3;2025-08-14
2025;7;4;2025-08-15
2025;7;5;2025-08-19
2025;7;6;2025-08-20
2025;7;7;2025-08-21
2025;7;8;2025-08-22
2025;7;9;2025-08-25
2025;8;0;2025-09-22
2025;8;1;2025-09-09
2025;8;2;2025-09-10
2025;8;3;2025-09-11
2025;8;4;2025-09-12
2025;8;5;2025-09-15
2025;8;6;2025-09-16
2025;8;7;2025-09-17
2025;8;8;2025-09-18
2025;8;9;2025-09-19
2025;9;0;2025-10-23
2025;9;1;2025-10-09
2025;9;2;2025-10-10
2025;9;3;2025-10-14
2025;9;4;2025-10-15
2025;9;5;2025-10-16
2025;9;6;2025-10-17
2025;9;7;2025-10-20
2025;9;8;2025-10-21
2025;9;9;2025-10-22
2025;10;0;2025-11-26
2025;10;1;2025-11-12
2025;10;2;2025-11-13
2025;10;3;2025-11-14
2025;10;4;2025-11-18
2025;10;5;2025-11-19
2025;10;6;2025-11-20
2025;10;7;2025-11-21
2025;10;8;2025-11-24
2025;10;9;2025-11-25
2025;11;0;2025-12-23
2025;11;1;2025-12-10
2025;11;2;2025-12-11
2025;11;3;2025-12-12
2025;11;4;2025-12-15
2025;11;5;2025-12-16
2025;11;6;2025-12-17
2025;11;7;2025-12-18
2025;11;8;2025-12-19
2025;11;9;2025-12-22
2025;12;0;2026-01-26
2025;12;1;2026-01-13
2025;12;2;2026-01-14
2025;12;3;2026-01-15
2025;12;4;2026-01-16
2025;12;5;2026-01-19
2025;12;6;2026-01-20
2025;12;7;2026-01-21
2025;12;8;2026-01-22
2025;12;9;2026-01-23
2026;1;0;2026-02-23
2026;1;1;2026-02-10
2026;1;2;2026-02-11
2026;1;3;2026-02-12
2026;1;4;2026-02-13
2026;1;5;2026-02-16
2026;1;6;2026-02-17
2026;1;7;2026-02-18
2026;1;8;2026-02-19
2026;1;9;2026-02-20
2026;2;0;2026-03-24
2026;2;1;2026-03-10
2026;2;2;2026-03-11
2026;2;3;2026-03-12
2026;2;4;2026-03-13
2026;2;5;2026-03-16
2026;2;6;2026-03-17
2026;2;7;2026-03-18
2026;2;8;2026-03-19
2026;2;9;2026-03-20
2026;3;0;2026-04-27
2026;3;1;2026-04-13
2026;3;2;2026-04-14
2026;3;3;2026-04-15
2026;3;4;2026-04-16
2026;3;5;2026-04-20
2026;3;6;2026-04-21
2026;3;7;2026-04-22
2026;3;8;2026-04-23
2026;3;9;2026-04-24
2026;4;0;2026-05-26
2026;4;1;2026-05-12
2026;4;2;2026-05-13
2026;4;3;2026-05-14
2026;4;4;2026-05-15
2026;4;5;2026-05-19
2026;4;6;2026-05-20
2026;4;7;2026-05-21
2026;4;8;2026-05-22
2026;4;9;2026-05-25
2026;5;0;2026-06-24
2026;5;1;2026-06-10
2026;5;2;2026-06-11
2026;5;3;2026-06-12
2026;5;4;2026-06-16
2026;5;5;2026-06-17
2026;5;6;2026-06-18
2026;5;7;2026-06-19
2026;5;8;2026-06-22
2026;5;9;2026-06-23
2026;6;0;2026-07-24
2026;6;1;2026-07-09
2026;6;2;2026-07-10
2026;6;3;2026-07-14
2026;6;4;2026-07-15
2026;6;5;2026-07-16
2026;6;6;2026-07-17
2026;6;7;2026-07-21
2026;6;8;2026-07-22
2026;6;9;2026-07-23
2026;7;0;2026-08-26
2026;7;1;2026-08-12
2026;7;2;2026-08-13
2026;7;3;2026-08-14
2026;7;4;2026-08-18
2026;7;5;2026-08-19
2026;7;6;2026-08-20
2026;7;7;2026-08-21
2026;7;8;2026-08-24
2026;7;9;2026-08-25
2026;8;0;2026-09-22
2026;8;1;2026-09-09
2026;8;2;2026-09-10
2026;8;3;2026-09-11
2026;8;4;2026-09-14
2026;8;5;2026-09-15
2026;8;6;2026-09-16
2026;8;7;2026-09-17
2026;8;8;2026-09-18
2026;8;9;2026-09-21
2026;9;0;2026-10-23
2026;9;1;2026-10-09
2026;9;2;2026-10-13
2026;9;3;2026-10-14
2026;9;4;2026-10-15
2026;9;5;2026-10-16
2026;9;6;2026-10-19
2026;9;7;2026-10-20
2026;9;8;2026-10-21
2026;9;9;2026-10-22
2026;10;0;2026-11-25
2026;10;1;2026-11-11
2026;10;2;2026-11-12
2026;10;3;2026-11-13
2026;10;4;2026-11-17
2026;10;5;2026-11-18
2026;10;6;2026-11-19
2026;10;7;2026-11-20
2026;10;8;2026-11-23
2026;10;9;2026-11-24
2026;11;0;2026-12-23
2026;11;1;2026-12-10
2026;11;2;2026-12-11
2026;11;3;2026-12-14
2026;11;4;2026-12-15
2026;11;5;2026-12-16
2026;11;6;2026-12-17
2026;11;7;2026-12-18
2026;11;8;2026-12-21
2026;11;9;2026-12-22
2026;12;0;2027-01-26
2026;12;1;2027-01-13
2026;12;2;2027-01-14
2026;12;3;2027-01-15
2026;12;4;2027-01-18
2026;12;5;2027-01-19
2026;12;6;2027-01-20
2026;12;7;2027-01-21
2026;12;8;2027-01-22
2026;12;9;2027-01-25
